a0,b1,c2,d3,e4,f5,g6,h7,i8,j9,k10,l11,m12,n13,o14,p15,q16,r17,s18,t19,u20,v21,w22,x23,y24
1000,1,Transition (1),0,,,,goon,4 4 10,,,,,,,,,,,,,,,,
1001,1,1,10,,,,goon,4 4,,,,,,,,,,,,,,,,
1002,1,2,20,,,,goon,4 4,,,,,,,,,,,,,,,,
1003,1,3,30,,,,goon,4 4,brute,1 1,,,,,,,,,,,,,,
1004,1,4,40,,,,goon,4 4,,,,,,,,,,,,,,,,
1005,1,5,50,,,,goon,4 4,,,,,,,,,,,,,,,,
1006,1,6,60,,,,goon,4 4,brute,1 1,,,,,,,,,,,,,,
1007,1,7,70,,,,goon,4 4,,,,,,,,,,,,,,,,
1008,1,8,80,,,,goon,4 4,,,,,,,,,,,,,,,,
1009,1,End,90,,,,goon,4 4,,,,,,,,,,,,,,,,
1010,1,x1,100,18,5,,goon,4 4,,,,,,,,,,,,,,,,
1011,2,Transition (2),0,,,,goon,5 5 10,,,,,,,,,,,,,,,,
1012,2,1,10,,,,goon,5 5,,,,,,,,,,,,,,,,
1013,2,2,20,,,,goon,5 5,,,,,,,,,,,,,,,,
1014,2,3,30,,,,goon,5 5,brute,1 1,spitter,1 1,,,,,,,,,,,,
1015,2,4,40,,,,goon,5 5,,,,,,,,,,,,,,,,
1016,2,5,50,,,,goon,5 5,,,,,,,,,,,,,,,,
1017,2,6,60,,,,goon,5 5,brute,1 1,spitter,1 1,,,,,,,,,,,,
1018,2,7,70,,,,goon,5 5,,,,,,,,,,,,,,,,
1019,2,8,80,,,,goon,5 5,,,,,,,,,,,,,,,,
1020,2,End,90,18,5,,goon,5 5,brute,1 1 1,spitter,1 1 1,,,,,,,,,,,,
1021,2,x1,105,,,,goon,5 5,,,,,,,,,,,,,,,,
1022,3,Transition (3),0,,,,goon,6 6 10,,,,,,,,,,,,,,,,
1023,3,1,10,,,,goon,6 6,,,,,,,,,,,,,,,,
1024,3,2,20,,,,goon,6 6,,,,,,,bomber,4 4 4,,,,,,,,
1025,3,3,30,,,,goon,6 6,brute,1 1,spitter,1 1,,,,,,,,,,,,
1026,3,4,40,,,,goon,6 6,,,,,minion,4 4 4,,,,,,,,,,
1027,3,5,50,,,,goon,6 6,,,,,,,,,,,,,,,,
1028,3,6,60,,,,goon,6 6,brute,1 1,spitter,1 1,,,bomber,4 4,,,,,,,,
1029,3,7,70,,,,goon,6 6,,,,,,,,,,,,,,,,
1030,3,8,80,,,,goon,6 6,,,,,minion,4 4 4,,,,,,,,,,
1031,3,9,90,18,5,,goon,6 6,brute,1 1 1,spitter,1 1 1,minion_nometeor,4 4 4,bomber,2 2 2,,,,,,,,
1032,3,End,120,,,,goon,6 6,,,,,,,,,,,,,,,,
1033,4,Transition (4),0,,,,goon,7 7 10,,,,,,,,,,,,,,,,
1034,4,1,10,,,,goon,7 7,,,,,,,bomber,4 4 4,,,,,,,,
1035,4,2,20,,,,goon,7 7,,,,,,,,,,,,,,,,
1036,4,3,30,,,,goon,7 7,brute,1 1,spitter,1 1,minion,4 4 4,,,gargoyle,1 1 1,locust,1 1 1,,,,
1037,4,4,40,,,,goon,7 7,,,,,,,,,,,,,,,,
1038,4,5,50,,,,goon,7 7,,,,,,,bomber,4 4,,,,,,,,
1039,4,6,60,,,,goon,7 7,brute,1 1,spitter,1 1,,,,,gargoyle,1 1,locust,1 1,elite,1 1,,
1040,4,7,70,,,,goon,7 7,,,,,minion,4 4 4,,,,,,,,,,
1041,4,8,80,,,,goon,7 7,,,,,,,,,,,,,,,,
1042,4,9,90,18,5,,goon,7 7,brute,1 1 1,spitter,1 1 1,minion_nometeor,4 4 4,bomber,2 2 2,gargoyle,1 1,locust,1 1,,,,
1043,4,End,135,,,,goon,7 7,,,,,,,,,,,,,,,,
1044,5,Transition (5),0,,,,goon,6 6 6,,,,,,,,,,,,,,,,
1045,5,1,10,,,,goon,6 6,,,,,,,bomber,4 4 4,,,,,,,,
1046,5,2,20,,,,goon,6 6,,,,,,,,,,,,,,,,
1047,5,3,30,,,,goon,6 6,brute,1 1 1,spitter,1 1 1,minion,4 4 4,,,gargoyle,1 1 1,locust,1 1 1,elite,1 1,,
1048,5,4,40,,,,goon,6 6,,,,,,,,,,,,,,,,
1049,5,5,50,,,,goon,6 6,,,,,,,bomber,4 4,,,,,,,,
1050,5,6,60,,,,goon,6 6,brute,1 1,spitter,1 1,,,,,gargoyle,1 1,locust,1 1,,,mammoth,1 1
1051,5,7,70,,,,goon,6 6,,,,,minion,4 4 4,,,,,,,,,,
1052,5,8,80,,,,goon,6 6,,,,,,,,,,,,,,,,
1053,5,9,90,18,5,,goon,6 6,brute,1 1 2,spitter,1 1 2,minion_nometeor,4 4 4,bomber,2 2 2,gargoyle,1 1,locust,1 1,elite,1 1,,
1054,5,End,150,,,,goon,6 6,,,,,,,,,,,,,,,,
1055,6,Gas Station (1),0,,,,goon,5 5 8,,,,,,,,,,,,,,,,
1056,6,1,10,,,,goon,5 5,,,,,,,,,,,,,,,,
1057,6,2,20,,,,goon,5 5,,,,,,,,,,,,,,,,
1058,6,3,30,,,,goon,5 5,brute,1 1 3,spitter,1 1 2,,,bomber,4 4 4,,,,,,,,
1059,6,4,40,,,,goon,5 5,,,,,,,,,,,,,,,,
1060,6,5,45,,,,,,brute,1 1,spitter,1 1,,,,,,,,,,,,
1061,6,6,50,,,,goon,5 5,,,,,,,,,,,,,,,,
1062,6,7,60,,,,goon,5 5,brute,1 1,spitter,1 1,,,bomber,4 4,gargoyle,1 1 1,,,,,,
1063,6,8,70,,,,goon,5 5,,,,,,,,,,,,,,,,
1064,6,9,75,,,,,,brute,2 2,spitter,1 1,,,,,,,,,,,,
1065,6,10,80,,,,goon,5 5,,,,,,,,,,,,,,,,
1066,6,11,90,,,,goon,5 5,brute,1 1,spitter,1 1,,,bomber,4 4,,,,,,,,
1067,6,12,100,,,,goon,5 5,,,,,,,,,,,,,,,,
1068,6,13,105,,,,,,brute,2 2,spitter,1 1,,,,,,,,,,,,
1069,6,14,110,,,,goon,5 5,,,,,,,,,,,,,,,,
1070,6,15,120,,,,goon,5 5,brute,1 1,spitter,1 1,,,,,gargoyle,1 1,,,,,,
1071,6,16,130,,,,goon,5 5,,,,,,,,,,,,,,,,
1072,6,17,135,,,,,,brute,2 2,spitter,1 1,,,bomber,4 4,,,,,,,,
1073,6,18,140,,,,goon,5 5,,,,,,,,,,,,,,,,
1074,6,19,150,,,,goon,5 5,brute,1 1,spitter,1 1,,,,,gargoyle,1 1,,,,,,
1075,6,20,160,,,,goon,5 5,,,,,,,,,,,,,,,,
1076,6,21,165,,,,,,brute,2 2,spitter,1 1,,,,,,,,,,,,
1077,6,22,170,,,,goon,5 5,,,,,,,bomber,4 4,,,,,,,,
1078,6,End Gas Station (1),180,18,5,,goon,5 5,brute,1 1,spitter,1 1,,,,,gargoyle,1 1,,,,,,
1079,7,Gas Station (2),0,,,,goon,5 5 6,,,,,,,,,,,,,,,,
1080,7,1,10,,,,goon,5 5,,,,,,,,,,,,,,,,
1081,7,2,20,,,,goon,5 5,,,,,,,,,,,,,,,,
1082,7,3,30,,,,goon,5 5,brute,1 1 1,spitter,1 1 1,,,bomber,8 8 8,,,,,,,,
1083,7,4,40,,,,goon,5 5,,,,,,,,,,,,,,,,
1084,7,5,45,,,,,,brute,1 1,spitter,1 1,,,,,,,,,,,,
1085,7,6,50,,,,goon,5 5,,,,,,,,,,,,,,,,
1086,7,7,60,,,,goon,5 5,brute,1 1,spitter,1 1,,,bomber,8 8,gargoyle,1 1 2,,,,,,
1087,7,8,70,,,,goon,5 5,,,,,,,,,,,,,,,,
1088,7,9,75,,,,,,brute,1 1,spitter,1 1,,,,,,,,,,,,
1089,7,10,80,,,,goon,5 5,,,,,,,,,,,,,,,,
1090,7,11,90,,,,goon,5 5,brute,1 1,spitter,1 1,,,bomber,8 8,gargoyle,1 1,,,elite,1 1,,
1091,7,12,100,,,,goon,5 5,,,,,,,,,,,,,,,,
1092,7,13,105,,,,,,brute,1 1,spitter,1 1,,,,,,,,,,,,
1093,7,14,110,,,,goon,5 5,,,,,,,,,,,,,,,,
1094,7,15,120,,,,goon,5 5,brute,1 1,spitter,1 1,,,bomber,8 8,gargoyle,2 2,,,,,,
1095,7,16,130,,,,goon,5 5,,,,,,,,,,,,,,,,
1096,7,17,135,,,,,,brute,1 1,spitter,1 1,,,,,,,,,,,,
1097,7,18,140,,,,goon,5 5,,,,,,,,,,,,,,,,
1098,7,19,150,,,,goon,5 5,brute,1 1,spitter,1 1,,,bomber,8 8,gargoyle,2 2,,,,,,
1099,7,20,160,,,,goon,5 5,,,,,,,,,,,,,,,,
1100,7,21,165,,,,,,brute,1 1,spitter,1 1,,,,,,,,,,,,
1101,7,22,170,,,,goon,5 5,,,,,,,,,,,,,,,,
1102,7,End Gas Station (2),180,18,5,,goon,5 5,brute,1 1,spitter,1 1,,,bomber,8 8,gargoyle,1 1,,,,,,
1103,8,Parking Garage (1),0,,,,goon,5 5 6,,,,,,,,,,,,,,,,
1104,8,1,10,,,,goon,5 5,,,,,,,,,,,,,,,,
1105,8,2,20,,,,goon,5 5,,,,,,,,,,,,,,,,
1106,8,3,30,,,,goon,5 5,brute,1 1 1,spitter,1 1 2,minion,8 8 8,,,,,,,,,,
1107,8,4,40,,,,goon,5 5,,,,,,,,,,,,,,,,
1108,8,5,45,,,,,,brute,1 1,spitter,1 1,,,,,,,,,,,,
1109,8,6,50,,,,goon,5 5,,,,,,,,,,,,,,,,
1110,8,7,60,,,,goon,5 5,brute,1 1,spitter,1 1,,,,,,,,,,,,
1111,8,8,70,,,,goon,5 5,,,,,,,,,,,,,,,,
1112,8,9,75,,,,,,brute,1 1,spitter,1 1,,,,,,,,,,,,
1113,8,10,80,,,,goon,5 5,,,,,,,,,,,,,,,,
1114,8,11,90,,,,goon,5 5,brute,1 1,spitter,1 1,minion_nometeor,8 8 8,,,,,,,elite,1 1,,
1115,8,12,100,,,,goon,5 5,,,,,,,,,,,,,,,,
1116,8,13,105,,,,,,brute,1 1,spitter,1 1,,,,,,,,,,,,
1117,8,14,110,,,,goon,5 5,,,,,,,,,,,,,,,,
1118,8,15,120,,,,goon,5 5,brute,1 1,spitter,1 1,,,,,,,,,,,,
1119,8,16,130,,,,goon,5 5,,,,,,,,,,,,,,,,
1120,8,17,135,,,,,,brute,1 1,spitter,1 1,,,,,,,,,,,,
1121,8,18,140,,,,goon,5 5,,,,,,,,,,,,,,,,
1122,8,19,150,,,,goon,5 5,brute,1 1,spitter,1 1,minion,8 8,,,,,,,,,,
1123,8,20,160,,,,goon,5 5,,,,,,,,,,,,,,,,
1124,8,21,165,,,,,,brute,1 1,spitter,1 1,,,,,,,,,,,,
1125,8,22,170,,,,goon,5 5,,,,,,,,,,,,,,,,
1126,8,End Parking Garage (1),180,18,5,,goon,5 5,brute,1 1,spitter,1 1,minion_nometeor,8 8,,,,,,,,,,
1127,9,Parking Garage (2),0,,,,goon,5 5 6,,,,,,,,,,,,,,,,
1128,9,1,10,,,,goon,5 5,,,,,,,,,,,,,,,,
1129,9,2,20,,,,goon,5 5,,,,,,,,,,,,,,,,
1130,9,3,30,,,,goon,5 5,brute,1 1 1,spitter,1 1 2,minion,8 8 8,,,,,,,,,,
1131,9,4,40,,,,goon,5 5,,,,,,,,,,,,,,,,
1132,9,5,45,,,,,,brute,1 1,spitter,1 1,,,,,,,,,,,,
1133,9,6,50,,,,goon,5 5,,,,,,,,,,,,,,,,
1134,9,7,60,,,,goon,5 5,brute,1 1,spitter,1 1,minion_nometeor,8 8 8,,,,,,,,,,
1135,9,8,70,,,,goon,5 5,,,,,,,,,,,,,,,,
1136,9,9,75,,,,,,brute,1 1,spitter,1 1,,,,,,,,,,,,
1137,9,10,80,,,,goon,5 5,,,,,,,,,,,,,,,,
1138,9,11,90,,,,goon,5 5,brute,1 1,spitter,1 1,minion,8 8 8,,,,,,,,,mammoth,1 1
1139,9,12,100,,,,goon,5 5,,,,,,,,,,,,,,,,
1140,9,13,105,,,,,,brute,1 1,spitter,1 1,,,,,,,,,,,,
1141,9,14,110,,,,goon,5 5,,,,,,,,,,,,,,,,
1142,9,15,120,,,,goon,5 5,brute,1 1,spitter,1 1,minion_nometeor,8 8 8,,,,,,,,,,
1143,9,16,130,,,,goon,5 5,,,,,,,,,,,,,,,,
1144,9,17,135,,,,,,brute,1 1,spitter,1 1,,,,,,,,,,,,
1145,9,18,140,,,,goon,5 5,,,,,,,,,,,,,,,,
1146,9,19,150,,,,goon,5 5,brute,1 1,spitter,1 1,minion,8 8 8,,,,,,,,,,
1147,9,20,160,,,,goon,5 5,,,,,,,,,,,,,,,,
1148,9,21,165,,,,,,brute,1 1,spitter,1 1,,,,,,,,,,,,
1149,9,22,170,,,,goon,5 5,,,,,,,,,,,,,,,,
1150,9,End Parking Garage (2),180,18,5,,goon,5 5,brute,1 1,spitter,1 1,minion_nometeor,8 8 8,,,,,,,,,,
1151,10,Rooftops (1),0,,,,goon,5 5 8,,,,,,,,,,,,,,,,
1152,10,1,10,,,,goon,5 5,,,,,,,,,,,,,,,,
1153,10,2,20,,,,goon,5 5,,,,,,,,,,,,,,,,
1154,10,3,30,,,,goon,5 5,brute,1 1 3,spitter,2 2 2,,,,,locust,1 1,,,,,,
1155,10,4,40,,,,goon,5 5,,,,,,,,,,,,,,,,
1156,10,5,45,,,,,,brute,1 1,spitter,2 2,,,,,,,,,,,,
1157,10,6,50,,,,goon,5 5,,,,,,,,,,,,,,,,
1158,10,7,60,,,,goon,5 5,brute,1 1,spitter,2 2,,,,,,,,,,,,
1159,10,8,70,,,,goon,5 5,,,,,,,,,,,,,,,,
1160,10,9,75,,,,,,brute,1 1,spitter,2 2,,,,,,,,,,,,
1161,10,10,80,,,,goon,5 5,,,,,,,,,,,,,,,,
1162,10,11,90,,,,goon,5 5,brute,1 1,spitter,2 2,,,,,,,,,,,,
1163,10,12,100,,,,goon,5 5,,,,,,,,,,,,,,,,
1164,10,13,105,,,,,,brute,1 1,spitter,2 2,,,,,,,,,,,,
1165,10,14,110,,,,goon,5 5,,,,,,,,,,,,,,,,
1166,10,15,120,,,,goon,5 5,brute,1 1,spitter,2 2,,,,,locust,1 1,,,,,,
1167,10,16,130,,,,goon,5 5,,,,,,,,,,,,,,,,
1168,10,17,135,,,,,,brute,1 1,spitter,2 2,,,,,,,,,,,,
1169,10,18,140,,,,goon,5 5,,,,,,,,,,,,,,,,
1170,10,19,150,,,,goon,5 5,brute,1 1,spitter,2 2,,,,,,,,,,,,
1171,10,20,160,,,,goon,5 5,,,,,,,,,,,,,,,,
1172,10,21,165,,,,,,brute,1 1,spitter,2 2,,,,,,,,,,,,
1173,10,22,170,,,,goon,5 5,,,,,,,,,,,,,,,,
1174,10,End Rooftops (1),180,18,5,,goon,5 5,brute,1 1,spitter,2 2,,,,,,,,,,,,
1175,11,Rooftops (2),0,,,,goon,5 5 10,,,,,,,,,,,,,,,,
1176,11,1,10,,,,goon,5 5,,,,,,,,,,,,,,,,
1177,11,2,20,,,,goon,5 5,,,,,,,,,,,,,,,,
1178,11,3,30,,,,goon,5 5,brute,2 2 3,spitter,2 2 3,,,,,locust,1 1 3,,,,,,
1179,11,4,40,,,,goon,5 5,,,,,,,,,,,,,,,,
1180,11,5,45,,,,,,brute,2 2,spitter,2 2,,,,,,,,,,,,
1181,11,6,50,,,,goon,5 5,,,,,,,,,,,,,,,,
1182,11,7,60,,,,goon,5 5,brute,2 2,spitter,2 2,,,,,,,,,,,,
1183,11,8,70,,,,goon,5 5,,,,,,,,,,,,,,,,
1184,11,9,75,,,,,,brute,2 2,spitter,2 2,,,,,,,,,,,,
1185,11,10,80,,,,goon,5 5,,,,,,,,,,,,,,,,
1186,11,11,90,,,,goon,5 5,brute,2 2,spitter,2 2,,,,,locust,1 1,,,,,,
1187,11,12,100,,,,goon,5 5,,,,,,,,,,,,,,,,
1188,11,13,105,,,,,,brute,2 2,spitter,2 2,,,,,,,,,,,,
1189,11,14,110,,,,goon,5 5,,,,,,,,,,,,,,,,
1190,11,15,120,,,,goon,5 5,brute,2 2,spitter,2 2,,,,,locust,2 2,,,,,,
1191,11,16,130,,,,goon,5 5,,,,,,,,,,,,,,,,
1192,11,17,135,,,,,,brute,2 2,spitter,2 2,,,,,,,,,,,,
1193,11,18,140,,,,goon,5 5,,,,,,,,,,,,,,,,
1194,11,19,150,,,,goon,5 5,brute,2 2,spitter,2 2,,,,,,,,,,,,
1195,11,20,160,,,,goon,5 5,,,,,,,,,,,,,,,,
1196,11,21,165,,,,,,brute,2 2,spitter,2 2,,,,,,,,,,,,
1197,11,22,170,,,,goon,5 5,,,,,,,,,,,,,,,,
1198,11,End Rooftops (2),180,18,5,,goon,5 5,brute,2 2,spitter,2 2,,,,,,,,,,,,
1199,12,x Gas Station (1),0,,,,goon,5 5 7,,,,,,,,,,,,,,,,
1200,12,1,10,,,,goon,5 5,,,,,,,,,,,,,,,,
1201,12,2,20,,,,goon,5 5,,,,,,,,,,,,,,,,
1202,12,3,30,,,,goon,5 5,brute,2 2 2,spitter,1 1 2,,,bomber,6 6 6,,,,,,,,
1203,12,4,40,,,,goon,5 5,,,,,,,,,,,,,,,,
1204,12,5,45,,,,,,brute,2 2,spitter,1 1,,,,,,,,,,,,
1205,12,6,50,,,,goon,5 5,,,,,,,,,,,,,,,,
1206,12,7,60,,,,goon,5 5,brute,2 2,spitter,1 1,,,bomber,6 6,gargoyle,1 1 1,,,,,,
1207,12,8,70,,,,goon,5 5,,,,,,,,,,,,,,,,
1208,12,9,75,,,,,,brute,2 2,spitter,1 1,,,,,,,,,,,,
1209,12,10,80,,,,goon,5 5,,,,,,,,,,,,,,,,
1210,12,11,90,,,,goon,5 5,brute,2 2,spitter,1 1,,,bomber,6 6,gargoyle,1 1,,,,,,
1211,12,12,100,,,,goon,5 5,,,,,,,,,,,,,,,,
1212,12,13,105,,,,,,brute,2 2,spitter,1 1,,,,,,,,,,,,
1213,12,14,110,,,,goon,5 5,,,,,,,,,,,,,,,,
1214,12,15,120,,,,goon,5 5,brute,2 2,spitter,1 1,,,bomber,6 6,gargoyle,1 1,,,,,,
1215,12,16,130,,,,goon,5 5,,,,,,,,,,,,,,,,
1216,12,17,135,,,,,,brute,2 2,spitter,1 1,,,,,,,,,,,,
1217,12,18,140,,,,goon,5 5,,,,,,,,,,,,,,,,
1218,12,19,150,,,,goon,5 5,brute,2 2,spitter,1 1,,,bomber,6 6,gargoyle,1 1,,,,,,
1219,12,20,160,,,,goon,5 5,,,,,,,,,,,,,,,,
1220,12,21,165,,,,,,brute,2 2,spitter,1 1,,,,,,,,,,,,
1221,12,22,170,,,,goon,5 5,,,,,,,,,,,,,,,,
1222,12,End x Gas Station (1),180,18,5,,goon,5 5,brute,2 2,spitter,1 1,,,bomber,6 6,gargoyle,1 1,,,,,,
1223,13,x Gas Station (2),0,,,,goon,3 3 3,,,,,,,,,,,,,,,,
1224,13,1,10,,,,goon,3 3,,,,,,,,,,,,,,,,
1225,13,2,20,,,,goon,3 3,,,,,,,,,,,,,,,,
1226,13,3,30,,,,goon,3 3,brute,2 2 2,spitter,1 1 2,,,bomber,8 8 8,,,,,,,,
1227,13,4,40,,,,goon,3 3,,,,,,,,,,,,,,,,
1228,13,5,45,,,,,,brute,2 2,spitter,1 1,,,,,,,,,,,,
1229,13,6,50,,,,goon,3 3,,,,,,,,,,,,,,,,
1230,13,7,60,,,,goon,3 3,brute,2 2,spitter,1 1,,,bomber,8 8,gargoyle,1 1 2,,,,,,
1231,13,8,70,,,,goon,3 3,,,,,,,,,,,,,,,,
1232,13,9,75,,,,,,brute,2 2,spitter,1 1,,,,,,,,,,,,
1233,13,10,80,,,,goon,3 3,,,,,,,,,,,,,,,,
1234,13,11,90,,,,goon,3 3,brute,2 2,spitter,1 1,,,bomber,8 8,gargoyle,1 1,,,elite,1 1,,
1235,13,12,100,,,,goon,3 3,,,,,,,,,,,,,,,,
1236,13,13,105,,,,,,brute,2 2,spitter,1 1,,,,,,,,,,,,
1237,13,14,110,,,,goon,3 3,,,,,,,,,,,,,,,,
1238,13,15,120,,,,goon,3 3,brute,2 2,spitter,1 1,,,bomber,8 8,gargoyle,2 2,,,,,,
1239,13,16,130,,,,goon,3 3,,,,,,,,,,,,,,,,
1240,13,17,135,,,,,,brute,2 2,spitter,1 1,,,,,,,,,,,,
1241,13,18,140,,,,goon,3 3,,,,,,,,,,,,,,,,
1242,13,19,150,,,,goon,3 3,brute,2 2,spitter,1 1,,,bomber,8 8,gargoyle,2 2,,,,,,
1243,13,20,160,,,,goon,3 3,,,,,,,,,,,,,,,,
1244,13,21,165,,,,,,brute,2 2,spitter,1 1,,,,,,,,,,,,
1245,13,22,170,,,,goon,3 3,,,,,,,,,,,,,,,,
1246,13,End x Gas Station (2),180,18,5,,goon,3 3,brute,2 2,spitter,1 1,,,bomber,8 8,gargoyle,2 2,,,,,,
1247,14,x Parking Garage (1),0,,,,goon,5 5 7,,,,,,,,,,,,,,,,
1248,14,1,10,,,,goon,5 5,,,,,,,,,,,,,,,,
1249,14,2,20,,,,goon,5 5,,,,,,,,,,,,,,,,
1250,14,3,30,,,,goon,5 5,brute,2 2 2,spitter,2 2 2,minion,8 8 8,,,,,,,,,,
1251,14,4,40,,,,goon,5 5,,,,,,,,,,,,,,,,
1252,14,5,45,,,,,,brute,2 2,spitter,2 2,,,,,,,,,,,,
1253,14,6,50,,,,goon,5 5,,,,,,,,,,,,,,,,
1254,14,7,60,,,,goon,5 5,brute,2 2,spitter,2 2,minion_nometeor,8 8 8,,,,,,,,,,
1255,14,8,70,,,,goon,5 5,,,,,,,,,,,,,,,,
1256,14,9,75,,,,,,brute,2 2,spitter,2 2,,,,,,,,,,,,
1257,14,10,80,,,,goon,5 5,,,,,,,,,,,,,,,,
1258,14,11,90,,,,goon,5 5,brute,2 2,spitter,2 2,minion,8 8 8,,,,,,,elite,1 1,,
1259,14,12,100,,,,goon,5 5,,,,,,,,,,,,,,,,
1260,14,13,105,,,,,,brute,2 2,spitter,2 2,,,,,,,,,,,,
1261,14,14,110,,,,goon,5 5,,,,,,,,,,,,,,,,
1262,14,15,120,,,,goon,5 5,brute,2 2,spitter,2 2,minion_nometeor,8 8 8,,,,,,,,,,
1263,14,16,130,,,,goon,5 5,,,,,,,,,,,,,,,,
1264,14,17,135,,,,,,brute,2 2,spitter,2 2,,,,,,,,,,,,
1265,14,18,140,,,,goon,5 5,,,,,,,,,,,,,,,,
1266,14,19,150,,,,goon,5 5,brute,2 2,spitter,2 2,minion,8 8,,,,,,,,,,
1267,14,20,160,,,,goon,5 5,,,,,,,,,,,,,,,,
1268,14,21,165,,,,,,brute,2 2,spitter,2 2,,,,,,,,,,,,
1269,14,22,170,,,,goon,5 5,,,,,,,,,,,,,,,,
1270,14,End x Parking Garage (1),180,18,5,,goon,5 5,brute,2 2,spitter,2 2,minion_nometeor,8 8,,,,,,,,,,
1271,15,x Parking Garage (2),0,,,,goon,5 5 5,,,,,,,,,,,,,,,,
1272,15,1,10,,,,goon,5 5,,,,,,,,,,,,,,,,
1273,15,2,20,,,,goon,5 5,,,,,,,,,,,,,,,,
1274,15,3,30,,,,goon,5 5,brute,2 2 2,spitter,2 2 2,minion,8 8 8,,,,,,,,,,
1275,15,4,40,,,,goon,5 5,,,,,,,,,,,,,,,,
1276,15,5,45,,,,,,brute,2 2,spitter,2 2,,,,,,,,,,,,
1277,15,6,50,,,,goon,5 5,,,,,,,,,,,,,,,,
1278,15,7,60,,,,goon,5 5,brute,2 2,spitter,2 2,minion_nometeor,8 8 8,,,,,,,,,,
1279,15,8,70,,,,goon,5 5,,,,,,,,,,,,,,,,
1280,15,9,75,,,,,,brute,2 2,spitter,2 2,,,,,,,,,,,,
1281,15,10,80,,,,goon,5 5,,,,,,,,,,,,,,,,
1282,15,11,90,,,,goon,5 5,brute,2 2,spitter,2 2,minion,8 8 8,,,,,,,,,mammoth,1 1
1283,15,12,100,,,,goon,5 5,,,,,,,,,,,,,,,,
1284,15,13,105,,,,,,brute,2 2,spitter,2 2,,,,,,,,,,,,
1285,15,14,110,,,,goon,5 5,,,,,,,,,,,,,,,,
1286,15,15,120,,,,goon,5 5,brute,2 2,spitter,2 2,minion_nometeor,8 8 8,,,,,,,,,,
1287,15,16,130,,,,goon,5 5,,,,,,,,,,,,,,,,
1288,15,17,135,,,,,,brute,2 2,spitter,2 2,,,,,,,,,,,,
1289,15,18,140,,,,goon,5 5,,,,,,,,,,,,,,,,
1290,15,19,150,,,,goon,5 5,brute,2 2,spitter,2 2,minion,8 8 8,,,,,,,,,,
1291,15,20,160,,,,goon,5 5,,,,,,,,,,,,,,,,
1292,15,21,165,,,,,,brute,2 2,spitter,2 2,,,,,,,,,,,,
1293,15,22,170,,,,goon,5 5,,,,,,,,,,,,,,,,
1294,15,End x Parking Garage (2),180,18,5,,goon,5 5,brute,2 2,spitter,2 2,minion_nometeor,8 8 8,,,,,,,,,,
1295,16,x Rooftops (1),0,,,,goon,5 5 9,,,,,,,,,,,,,,,,
1296,16,1,10,,,,goon,5 5,,,,,,,,,,,,,,,,
1297,16,2,20,,,,goon,5 5,,,,,,,,,,,,,,,,
1298,16,3,30,,,,goon,5 5,brute,2 2 4,spitter,2 2 4,,,,,locust,1 1,,,,,,
1299,16,4,40,,,,goon,5 5,,,,,,,,,,,,,,,,
1300,16,5,45,,,,,,brute,2 2,spitter,2 2,,,,,,,,,,,,
1301,16,6,50,,,,goon,5 5,,,,,,,,,,,,,,,,
1302,16,7,60,,,,goon,5 5,brute,2 2,spitter,2 2,,,,,,,,,,,,
1303,16,8,70,,,,goon,5 5,,,,,,,,,,,,,,,,
1304,16,9,75,,,,,,brute,2 2,spitter,2 2,,,,,,,,,,,,
1305,16,10,80,,,,goon,5 5,,,,,,,,,,,,,,,,
1306,16,11,90,,,,goon,5 5,brute,2 2,spitter,2 2,,,,,locust,1 1,,,,,,
1307,16,12,100,,,,goon,5 5,,,,,,,,,,,,,,,,
1308,16,13,105,,,,,,brute,2 2,spitter,2 2,,,,,,,,,,,,
1309,16,14,110,,,,goon,5 5,,,,,,,,,,,,,,,,
1310,16,15,120,,,,goon,5 5,brute,2 2,spitter,2 2,,,,,,,,,,,,
1311,16,16,130,,,,goon,5 5,,,,,,,,,,,,,,,,
1312,16,17,135,,,,,,brute,2 2,spitter,2 2,,,,,,,,,,,,
1313,16,18,140,,,,goon,5 5,,,,,,,,,,,,,,,,
1314,16,19,150,,,,goon,5 5,brute,2 2,spitter,2 2,,,,,locust,1 1,,,,,,
1315,16,20,160,,,,goon,5 5,,,,,,,,,,,,,,,,
1316,16,21,165,,,,,,brute,2 2,spitter,2 2,,,,,,,,,,,,
1317,16,22,170,,,,goon,5 5,,,,,,,,,,,,,,,,
1318,16,End x Rooftops (1),180,18,5,,goon,5 5,brute,2 2,spitter,2 2,,,,,,,,,,,,
1319,17,x Rooftops (2),0,,,,goon,5 5 10,,,,,,,,,,,,,,,,
1320,17,1,10,,,,goon,5 5,,,,,,,,,,,,,,,,
1321,17,2,20,,,,goon,5 5,,,,,,,,,,,,,,,,
1322,17,3,30,,,,goon,5 5,brute,2 2 4,spitter,3 3 4,,,,,locust,2 2,,,,,,
1323,17,4,40,,,,goon,5 5,,,,,,,,,,,,,,,,
1324,17,5,45,,,,,,brute,2 2,spitter,3 3,,,,,,,,,,,,
1325,17,6,50,,,,goon,5 5,,,,,,,,,,,,,,,,
1326,17,7,60,,,,goon,5 5,brute,2 2,spitter,3 3,,,,,,,,,,,,
1327,17,8,70,,,,goon,5 5,,,,,,,,,,,,,,,,
1328,17,9,75,,,,,,brute,2 2,spitter,3 3,,,,,,,,,,,,
1329,17,10,80,,,,goon,5 5,,,,,,,,,,,,,,,,
1330,17,11,90,,,,goon,5 5,brute,2 2,spitter,3 3,,,,,locust,2 2,,,,,,
1331,17,12,100,,,,goon,5 5,,,,,,,,,,,,,,,,
1332,17,13,105,,,,,,brute,2 2,spitter,3 3,,,,,,,,,,,,
1333,17,14,110,,,,goon,5 5,,,,,,,,,,,,,,,,
1334,17,15,120,,,,goon,5 5,brute,2 2,spitter,3 3,,,,,,,,,,,,
1335,17,16,130,,,,goon,5 5,,,,,,,,,,,,,,,,
1336,17,17,135,,,,,,brute,2 2,spitter,3 3,,,,,,,,,,,,
1337,17,18,140,,,,goon,5 5,,,,,,,,,,,,,,,,
1338,17,19,150,,,,goon,5 5,brute,2 2,spitter,3 3,,,,,locust,2 2,,,,,,
1339,17,20,160,,,,goon,5 5,,,,,,,,,,,,,,,,
1340,17,21,165,,,,,,brute,2 2,spitter,3 3,,,,,,,,,,,,
1341,17,22,170,,,,goon,5 5,,,,,,,,,,,,,,,,
1342,17,End x Rooftops (2),180,18,5,,goon,5 5,brute,2 2,spitter,3 3,,,,,,,,,,,,
1343,18,xx Gas Station (1),0,,,,goon,3 3 3,,,,,,,,,,,,,,,,
1344,18,1,10,,,,goon,3 3,,,,,,,,,,,,,,,,
1345,18,2,20,,,,goon,3 3,,,,,,,,,,,,,,,,
1346,18,3,30,,,,goon,3 3,brute,2 2 2,spitter,1 1 1,,,bomber,8 8 8,,,,,,,,
1347,18,4,40,,,,goon,3 3,,,,,,,,,,,,,,,,
1348,18,5,45,,,,,,brute,2 2,spitter,1 1,,,,,,,,,,,,
1349,18,6,50,,,,goon,3 3,,,,,,,,,,,,,,,,
1350,18,7,60,,,,goon,3 3,brute,2 2,spitter,1 1,,,bomber,8 8,gargoyle,2 2 2,,,elite,1 1,,
1351,18,8,70,,,,goon,3 3,,,,,,,,,,,,,,,,
1352,18,9,75,,,,,,brute,2 2,spitter,1 1,,,,,,,,,,,,
1353,18,10,80,,,,goon,3 3,,,,,,,,,,,,,,,,
1354,18,11,90,,,,goon,3 3,brute,2 2,spitter,1 1,,,bomber,8 8,gargoyle,2 2,,,,,,
1355,18,12,100,,,,goon,3 3,,,,,,,,,,,,,,,,
1356,18,13,105,,,,,,brute,2 2,spitter,1 1,,,,,,,,,,,,
1357,18,14,110,,,,goon,3 3,,,,,,,,,,,,,,,,
1358,18,15,120,,,,goon,3 3,brute,2 2,spitter,1 1,,,bomber,8 8,gargoyle,2 2,,,elite,1 1,,
1359,18,16,130,,,,goon,3 3,,,,,,,,,,,,,,,,
1360,18,17,135,,,,,,brute,2 2,spitter,1 1,,,,,,,,,,,,
1361,18,18,140,,,,goon,3 3,,,,,,,,,,,,,,,,
1362,18,19,150,,,,goon,3 3,brute,2 2,spitter,1 1,,,bomber,8 8,gargoyle,2 2,,,,,,
1363,18,20,160,,,,goon,3 3,,,,,,,,,,,,,,,,
1364,18,21,165,,,,,,brute,2 2,spitter,1 1,,,,,,,,,,,,
1365,18,22,170,,,,goon,3 3,,,,,,,,,,,,,,,,
1366,18,End xx Gas Station (1),180,18,5,,goon,3 3,brute,2 2,spitter,1 1,,,bomber,8 8,gargoyle,2 2,,,,,,
1367,19,xx Gas Station (2),0,,,,goon,2 2 2,,,,,,,,,,,,,,,,
1368,19,1,10,,,,goon,2 2,,,,,,,,,,,,,,,,
1369,19,2,20,,,,goon,2 2,,,,,,,,,,,,,,,,
1370,19,3,30,,,,goon,2 2,brute,3 3 3,spitter,1 1 1,,,bomber,8 8 8,,,,,,,,
1371,19,4,40,,,,goon,2 2,,,,,,,,,,,,,,,,
1372,19,5,45,,,,,,brute,3 3,spitter,1 1,,,,,,,,,,,,
1373,19,6,50,,,,goon,2 2,,,,,,,,,,,,,,,,
1374,19,7,60,,,,goon,2 2,brute,3 3,spitter,1 1,,,bomber,8 8,gargoyle,2 2 3,,,elite,2 2,,
1375,19,8,70,,,,goon,2 2,,,,,,,,,,,,,,,,
1376,19,9,75,,,,,,brute,3 3,spitter,1 1,,,,,,,,,,,,
1377,19,10,80,,,,goon,2 2,,,,,,,,,,,,,,,,
1378,19,11,90,,,,goon,2 2,brute,3 3,spitter,1 1,,,bomber,8 8,gargoyle,2 2,,,,,,
1379,19,12,100,,,,goon,2 2,,,,,,,,,,,,,,,,
1380,19,13,105,,,,,,brute,3 3,spitter,1 1,,,,,,,,,,,,
1381,19,14,110,,,,goon,2 2,,,,,,,,,,,,,,,,
1382,19,15,120,,,,goon,2 2,brute,3 3,spitter,1 1,,,bomber,8 8,gargoyle,2 2,,,elite,1 1,,
1383,19,16,130,,,,goon,2 2,,,,,,,,,,,,,,,,
1384,19,17,135,,,,,,brute,3 3,spitter,1 1,,,,,,,,,,,,
1385,19,18,140,,,,goon,2 2,,,,,,,,,,,,,,,,
1386,19,19,150,,,,goon,2 2,brute,3 3,spitter,1 1,,,bomber,8 8,gargoyle,2 2,,,,,,
1387,19,20,160,,,,goon,2 2,,,,,,,,,,,,,,,,
1388,19,21,165,,,,,,brute,3 3,spitter,1 1,,,,,,,,,,,,
1389,19,22,170,,,,goon,2 2,,,,,,,,,,,,,,,,
1390,19,End xx Gas Station (2),180,18,5,,goon,2 2,brute,3 3,spitter,1 1,,,bomber,8 8,gargoyle,2 2,,,,,,
1391,20,xx Parking Garage (1),0,,,,goon,3 3 3,,,,,,,,,,,,,,,,
1392,20,1,10,,,,goon,3 3,,,,,,,,,,,,,,,,
1393,20,2,20,,,,goon,3 3,,,,,,,,,,,,,,,,
1394,20,3,30,,,,goon,3 3,brute,3 3 4,spitter,2 2 2,minion,8 8 8,,,,,,,,,,
1395,20,4,40,,,,goon,3 3,,,,,,,,,,,,,,,,
1396,20,5,45,,,,,,brute,3 3,spitter,2 2,,,,,,,,,,,,
1397,20,6,50,,,,goon,3 3,,,,,,,,,,,,,,,,
1398,20,7,60,,,,goon,3 3,brute,3 3,spitter,2 2,minion_nometeor,8 8 8,,,,,,,elite,1 1,,
1399,20,8,70,,,,goon,3 3,,,,,,,,,,,,,,,,
1400,20,9,75,,,,,,brute,3 3,spitter,2 2,,,,,,,,,,,,
1401,20,10,80,,,,goon,3 3,,,,,,,,,,,,,,,,
1402,20,11,90,,,,goon,3 3,brute,3 3,spitter,2 2,minion,8 8 8,,,,,,,,,,
1403,20,12,100,,,,goon,3 3,,,,,,,,,,,,,,,,
1404,20,13,105,,,,,,brute,3 3,spitter,2 2,,,,,,,,,,,,
1405,20,14,110,,,,goon,3 3,,,,,,,,,,,,,,,,
1406,20,15,120,,,,goon,3 3,brute,3 3,spitter,2 2,minion_nometeor,8 8 8,,,,,,,elite,1 1,,
1407,20,16,130,,,,goon,3 3,,,,,,,,,,,,,,,,
1408,20,17,135,,,,,,brute,3 3,spitter,2 2,,,,,,,,,,,,
1409,20,18,140,,,,goon,3 3,,,,,,,,,,,,,,,,
1410,20,19,150,,,,goon,3 3,brute,3 3,spitter,2 2,minion,8 8,,,,,,,,,,
1411,20,20,160,,,,goon,3 3,,,,,,,,,,,,,,,,
1412,20,21,165,,,,,,brute,3 3,spitter,2 2,,,,,,,,,,,,
1413,20,22,170,,,,goon,3 3,,,,,,,,,,,,,,,,
1414,20,End xx Parking Garage (1),180,18,5,,goon,3 3,brute,3 3,spitter,2 2,minion_nometeor,8 8,,,,,,,,,,
1415,21,xx Parking Garage (2),0,,,,goon,3 3 3,,,,,,,,,,,,,,,,
1416,21,1,10,,,,goon,3 3,,,,,,,,,,,,,,,,
1417,21,2,20,,,,goon,3 3,,,,,,,,,,,,,,,,
1418,21,3,30,,,,goon,3 3,brute,4 4 4,spitter,2 2 2,minion,8 8 8,,,,,,,,,,
1419,21,4,40,,,,goon,3 3,,,,,,,,,,,,,,,,
1420,21,5,45,,,,,,brute,4 4,spitter,2 2,,,,,,,,,,,,
1421,21,6,50,,,,goon,3 3,,,,,,,,,,,,,,,,
1422,21,7,60,,,,goon,3 3,brute,4 4,spitter,2 2,minion_nometeor,8 8 8,,,,,,,elite,2 2,,
1423,21,8,70,,,,goon,3 3,,,,,,,,,,,,,,,,
1424,21,9,75,,,,,,brute,4 4,spitter,2 2,,,,,,,,,,,,
1425,21,10,80,,,,goon,3 3,,,,,,,,,,,,,,,,
1426,21,11,90,,,,goon,3 3,brute,4 4,spitter,2 2,minion,8 8 8,,,,,,,,,,
1427,21,12,100,,,,goon,3 3,,,,,,,,,,,,,,,,
1428,21,13,105,,,,,,brute,4 4,spitter,2 2,,,,,,,,,,,,
1429,21,14,110,,,,goon,3 3,,,,,,,,,,,,,,,,
1430,21,15,120,,,,goon,3 3,brute,4 4,spitter,2 2,minion_nometeor,8 8 8,,,,,,,,,mammoth,1 1
1431,21,16,130,,,,goon,3 3,,,,,,,,,,,,,,,,
1432,21,17,135,,,,,,brute,4 4,spitter,2 2,,,,,,,,,,,,
1433,21,18,140,,,,goon,3 3,,,,,,,,,,,,,,,,
1434,21,19,150,,,,goon,3 3,brute,4 4,spitter,2 2,minion,8 8 8,,,,,,,,,,
1435,21,20,160,,,,goon,3 3,,,,,,,,,,,,,,,,
1436,21,21,165,,,,,,brute,4 4,spitter,2 2,,,,,,,,,,,,
1437,21,22,170,,,,goon,3 3,,,,,,,,,,,,,,,,
1438,21,End xx Parking Garage (2),180,18,5,,goon,3 3,brute,4 4,spitter,2 2,minion_nometeor,8 8 8,,,,,,,,,,
1439,22,xx Rooftops (1),0,,,,goon,5 5 8,,,,,,,,,,,,,,,,
1440,22,1,10,,,,goon,5 5,,,,,,,,,,,,,,,,
1441,22,2,20,,,,goon,5 5,,,,,,,,,,,,,,,,
1442,22,3,30,,,,goon,5 5,brute,3 3 4,spitter,3 3 4,,,,,locust,1 1 2,,,,,,
1443,22,4,40,,,,goon,5 5,,,,,,,,,,,,,,,,
1444,22,5,45,,,,,,brute,3 3,spitter,3 3,,,,,,,,,,,,
1445,22,6,50,,,,goon,5 5,,,,,,,,,,,,,,,,
1446,22,7,60,,,,goon,5 5,brute,3 3,spitter,3 3,,,,,locust,1 1,,,elite,1 1,,
1447,22,8,70,,,,goon,5 5,,,,,,,,,,,,,,,,
1448,22,9,75,,,,,,brute,3 3,spitter,3 3,,,,,,,,,,,,
1449,22,10,80,,,,goon,5 5,,,,,,,,,,,,,,,,
1450,22,11,90,,,,goon,5 5,brute,3 3,spitter,3 3,,,,,locust,1 1,,,,,,
1451,22,12,100,,,,goon,5 5,,,,,,,,,,,,,,,,
1452,22,13,105,,,,,,brute,3 3,spitter,3 3,,,,,,,,,,,,
1453,22,14,110,,,,goon,5 5,,,,,,,,,,,,,,,,
1454,22,15,120,,,,goon,5 5,brute,3 3,spitter,3 3,,,,,locust,1 1,,,elite,1 1,,
1455,22,16,130,,,,goon,5 5,,,,,,,,,,,,,,,,
1456,22,17,135,,,,,,brute,3 3,spitter,3 3,,,,,,,,,,,,
1457,22,18,140,,,,goon,5 5,,,,,,,,,,,,,,,,
1458,22,19,150,,,,goon,5 5,brute,3 3,spitter,3 3,,,,,locust,1 1,,,,,,
1459,22,20,160,,,,goon,5 5,,,,,,,,,,,,,,,,
1460,22,21,165,,,,,,brute,3 3,spitter,3 3,,,,,,,,,,,,
1461,22,22,170,,,,goon,5 5,,,,,,,,,,,,,,,,
1462,22,End xx Rooftops (1),180,18,5,,goon,5 5,brute,3 3,spitter,3 3,,,,,locust,1 1,,,,,,
1463,23,xx Rooftops (2),0,,,,goon,5 5 5,,,,,,,,,,,,,,,,
1464,23,1,10,,,,goon,5 5,,,,,,,,,,,,,,,,
1465,23,2,20,,,,goon,5 5,,,,,,,,,,,,,,,,
1466,23,3,30,,,,goon,5 5,brute,4 4 4,spitter,4 4 4,,,,,locust,2 2 4,,,,,,
1467,23,4,40,,,,goon,5 5,,,,,,,,,,,,,,,,
1468,23,5,45,,,,,,brute,4 4,spitter,4 4,,,,,,,,,,,,
1469,23,6,50,,,,goon,5 5,,,,,,,,,,,,,,,,
1470,23,7,60,,,,goon,5 5,brute,4 4,spitter,4 4,,,,,locust,2 2,,,elite,2 2,,
1471,23,8,70,,,,goon,5 5,,,,,,,,,,,,,,,,
1472,23,9,75,,,,,,brute,4 4,spitter,4 4,,,,,,,,,,,,
1473,23,10,80,,,,goon,5 5,,,,,,,,,,,,,,,,
1474,23,11,90,,,,goon,5 5,brute,4 4,spitter,4 4,,,,,locust,2 2,,,,,,
1475,23,12,100,,,,goon,5 5,,,,,,,,,,,,,,,,
1476,23,13,105,,,,,,brute,4 4,spitter,4 4,,,,,,,,,,,,
1477,23,14,110,,,,goon,5 5,,,,,,,,,,,,,,,,
1478,23,15,120,,,,goon,5 5,brute,4 4,spitter,4 4,,,,,locust,2 2,,,elite,1 1,,
1479,23,16,130,,,,goon,5 5,,,,,,,,,,,,,,,,
1480,23,17,135,,,,,,brute,4 4,spitter,4 4,,,,,,,,,,,,
1481,23,18,140,,,,goon,5 5,,,,,,,,,,,,,,,,
1482,23,19,150,,,,goon,5 5,brute,4 4,spitter,4 4,,,,,locust,2 2,,,,,,
1483,23,20,160,,,,goon,5 5,,,,,,,,,,,,,,,,
1484,23,21,165,,,,,,brute,4 4,spitter,4 4,,,,,,,,,,,,
1485,23,22,170,,,,goon,5 5,,,,,,,,,,,,,,,,
1486,23,End xx Rooftops (2),180,18,5,,goon,5 5,brute,4 4,spitter,4 4,,,,,locust,2 2,,,,,,
1487,24,Left Ancestor,0,,,,goon,10 10 10,,,,,,,,,,,,,,,,
1488,24,1,10,,,,goon,10 10,,,spitter,5 5 5,,,,,,,,,,,,
1489,24,2,20,,,,goon,10 10,,,,,,,,,,,,,,,,
1490,24,3,30,,,,goon,10 10,,,spitter,5 5,,,,,,,,,,,,
1491,24,4,40,,,,goon,10 10,,,,,,,,,,,,,,,,
1492,24,5,45,,,,goon,10 10,,,spitter,5 5,,,,,,,,,,,,
1493,24,6,50,,,,goon,10 10,,,,,,,,,,,,,,,,
1494,24,7,60,,,,goon,10 10,,,spitter,5 5,,,,,locust,1 1,,,,,,
1495,24,8,70,,,,goon,10 10,,,,,,,,,,,,,,,,
1496,24,9,75,,,,goon,10 10,,,spitter,5 5,,,,,,,,,,,,
1497,24,10,80,,,,goon,10 10,,,,,,,,,,,,,,,,
1498,24,11,90,,,,goon,10 10,,,spitter,5 5 8,,,,,locust,1 1,,,,,,
1499,24,12,100,,,,goon,10 10,,,,,,,,,,,,,,,,
1500,24,13,105,,,,goon,10 10,,,spitter,5 5,,,,,,,,,,,,
1501,24,14,110,,,,goon,10 10,,,,,,,,,,,,,,,,
1502,24,15,120,,,,goon,10 10,,,spitter,5 5,,,,,locust,1 1,,,,,,
1503,24,16,130,,,,goon,10 10,,,,,,,,,,,,,,,,
1504,24,17,135,,,,goon,10 10,,,spitter,5 5,,,,,,,,,,,,
1505,24,18,140,,,,goon,10 10,,,,,,,,,,,,,,,,
1506,24,19,150,,,,goon,10 10,,,spitter,5 5,,,,,locust,1 1,,,,,,
1507,24,20,160,,,,goon,10 10,,,,,,,,,,,,,,,,
1508,24,21,165,,,,goon,10 10,,,spitter,5 5,,,,,,,,,,,,
1509,24,22,170,,,,goon,10 10,,,,,,,,,,,,,,,,
1510,24,End Left Ancestor,180,18,5,,goon,10 10,,,spitter,3 3 3,,,,,locust,1 1 2,,,,,,
1511,25,Middle Ancestor,0,,,,goon,5 5 8,brute,2 2 2,,,,,,,,,,,,,,
1512,25,1,10,,,,goon,5 5,,,,,,,,,,,,,,,,
1513,25,2,20,,,,goon,5 5,brute,2 2,,,minion,8 8 8,,,,,,,,,,
1514,25,3,30,,,,goon,5 5,,,,,,,,,,,,,elite,1 1 2,,
1515,25,4,40,,,,goon,5 5,brute,2 2,,,minion_nometeor,4 4 4,,,,,,,,,,
1516,25,5,45,,,,goon,5 5,,,,,,,,,,,,,,,,
1517,25,6,50,,,,goon,5 5,brute,2 2,,,minion,8 8 8,,,,,,,,,,
1518,25,7,60,,,,goon,5 5,,,,,,,,,,,,,,,,
1519,25,8,70,,,,goon,5 5,brute,2 2,,,minion_nometeor,4 4 4,,,,,,,,,,
1520,25,9,75,,,,goon,5 5,,,,,,,,,,,,,,,,
1521,25,10,80,,,,goon,5 5,brute,2 2,,,minion,8 8 8,,,,,,,,,,
1522,25,11,90,,,,goon,5 5,,,,,,,,,,,,,elite,1 1,,
1523,25,12,100,,,,goon,5 5,brute,2 2,,,minion_nometeor,4 4 4,,,,,,,,,,
1524,25,13,105,,,,goon,5 5,,,,,,,,,,,,,,,,
1525,25,14,110,,,,goon,5 5,brute,2 2,,,minion,8 8 8,,,,,,,,,,
1526,25,15,120,,,,goon,5 5,,,,,,,,,,,,,,,,
1527,25,16,130,,,,goon,5 5,brute,2 2,,,minion_nometeor,4 4 4,,,,,,,,,,
1528,25,17,135,,,,goon,5 5,,,,,,,,,,,,,,,,
1529,25,18,140,,,,goon,5 5,brute,2 2,,,minion,8 8 8,,,,,,,,,,
1530,25,19,150,,,,goon,5 5,,,,,,,,,,,,,elite,1 1,,
1531,25,20,160,,,,goon,5 5,brute,2 2,,,minion_nometeor,4 4 4,,,,,,,,,,
1532,25,21,165,,,,goon,5 5,,,,,,,,,,,,,,,,
1533,25,22,170,,,,goon,5 5,brute,2 2,,,minion,8 8 8,,,,,,,,,,
1534,25,End Middle Ancestor,180,18,5,,goon,5 5,brute,2 2,,,minion_nometeor,4 4 4,,,,,,,elite,1 1,,
1535,26,Right Ancestor,0,,,,goon,6 6 6,,,,,,,,,,,,,,,,
1536,26,1,10,,,,goon,6 6,,,,,,,,,,,,,,,,
1537,26,2,20,,,,goon,6 6,,,,,,,bomber,8 8 8,,,,,,,,
1538,26,3,30,,,,goon,6 6,,,,,,,,,,,,,,,,
1539,26,4,40,,,,goon,6 6,,,,,,,bomber,8 8,,,,,,,,
1540,26,5,45,,,,goon,6 6,,,,,,,,,,,,,,,,
1541,26,6,50,,,,goon,6 6,,,,,,,bomber,8 8,gargoyle,2 2 4,,,,,,
1542,26,7,60,,,,goon,6 6,,,,,,,,,,,,,,,,
1543,26,8,70,,,,goon,6 6,,,,,,,bomber,8 8,,,,,,,,
1544,26,9,75,,,,goon,6 6,,,,,,,,,,,,,,,,
1545,26,10,80,,,,goon,6 6,,,,,,,bomber,8 8,gargoyle,2 2,,,,,,
1546,26,11,90,,,,goon,6 6,,,,,,,,,,,,,,,,
1547,26,12,100,,,,goon,6 6,,,,,,,bomber,8 8,,,,,,,,
1548,26,13,105,,,,goon,6 6,,,,,,,,,,,,,,,,
1549,26,14,110,,,,goon,6 6,,,,,,,bomber,8 8,gargoyle,2 2,,,,,,
1550,26,15,120,,,,goon,6 6,,,,,,,,,,,,,,,,
1551,26,16,130,,,,goon,6 6,,,,,,,bomber,8 8,gargoyle,2 2,,,,,,
1552,26,17,135,,,,goon,6 6,,,,,,,,,,,,,,,,
1553,26,18,140,,,,goon,6 6,,,,,,,bomber,8 8,gargoyle,2 2,,,,,,
1554,26,19,150,,,,goon,6 6,,,,,,,,,,,,,,,,
1555,26,20,160,,,,goon,6 6,,,,,,,bomber,8 8,gargoyle,2 2,,,,,,
1556,26,21,165,,,,goon,6 6,,,,,,,,,,,,,,,,
1557,26,22,170,,,,goon,6 6,,,,,,,bomber,8 8,gargoyle,2 2,,,,,,
1558,26,End Right Ancestor,180,18,5,,goon,6 6,,,,,,,,,,,,,,,,
1559,27,Last Stand,0,,,,goon,4 4 4,,,spitter,2 2 2,minion_nometeor,2 2 2,,,gargoyle,1 1 2,,,,,,
1560,27,1,10,,,,goon,4 4,brute,2 2 2,,,,,bomber,2 2 2,,,,,,,,
1561,27,2,20,,,,goon,4 4,,,spitter,2 2,minion,4 4 4,,,,,,,,,,
1562,27,3,30,,,,goon,4 4,brute,2 2,,,,,bomber,2 2,,,,,elite,1 1 2,,
1563,27,4,40,,,,goon,4 4,,,spitter,2 2,minion_nometeor,2 2,,,gargoyle,1 1,,,,,,
1564,27,5,45,,,,goon,4 4,brute,2 2,,,,,bomber,2 2,,,,,,,,
1565,27,6,50,,,,goon,4 4,,,spitter,2 2,minion,4 4 4,,,,,,,,,,
1566,27,7,60,,,,goon,4 4,brute,2 2,,,,,bomber,2 2,,,locust,1 1 1,,,,
1567,27,8,70,,,,,,,,spitter,2 2,minion_nometeor,2 2,,,gargoyle,1 1,,,,,,
1568,27,9,75,,,,,,brute,2 2,,,,,bomber,2 2,,,,,,,,
1569,27,10,80,,,,,,,,spitter,2 2,minion,4 4 4,,,,,,,,,,
1570,27,11,90,,,,,,brute,2 2,,,,,bomber,2 2,,,locust,1 1,elite,1 1,,
1571,27,12,100,,,,,,,,spitter,2 2,minion_nometeor,2 2,,,gargoyle,1 1,,,,,,
1572,27,13,105,,,,,,brute,2 2,,,,,bomber,2 2,,,,,,,,
1573,27,14,110,,,,,,,,spitter,2 2,minion,4 4 4,,,,,,,,,,
1574,27,15,120,,,,,,brute,2 2,,,,,bomber,2 2,,,locust,1 1,,,mammoth,1 1 1
1575,27,16,130,,,,goon,4 4,,,spitter,2 2,minion_nometeor,2 2,,,gargoyle,1 1,,,,,,
1576,27,17,135,,,,goon,4 4,brute,2 2,,,,,bomber,2 2,,,,,,,,
1577,27,18,140,,,,goon,4 4,,,spitter,2 2,minion,4 4 4,,,,,,,,,,
1578,27,19,150,,,,goon,4 4,brute,2 2,,,,,bomber,2 2,,,locust,2 2,elite,1 1,,
1579,27,20,160,,,,goon,4 4,,,spitter,2 2,minion_nometeor,2 2,,,gargoyle,1 1,,,,,,
1580,27,21,165,,,,goon,4 4,brute,2 2,,,,,bomber,2 2,,,,,,,,
1581,27,22,170,,,,goon,4 4,,,spitter,2 2,minion,4 4 4,,,,,,,,,,
1582,27,End Last Stand,180,18,5,,goon,4 4 6,brute,2 2 2,spitter,2 2 2,minion_nometeor,2 2 2,bomber,2 2 2,gargoyle,1 1 1,locust,2 2 2,elite,1 1 1,,
1583,27,End Last Stand,240,18,5,,goon,4 4 4,brute,2 2 3,spitter,2 2 3,minion_nometeor,2 2 2,bomber,2 2 2,gargoyle,1 1 1,locust,2 2 2,elite,1 1 1,,
1584,27,End Last Stand,300,18,5,,goon,2 2 2,brute,2 2 3,spitter,2 2 3,minion_nometeor,2 2 2,bomber,2 2 2,gargoyle,1 1 2,locust,2 2 2,elite,1 1 2,,
1585,27,End Last Stand,360,18,5,,goon,1 1 1,brute,2 2 3,spitter,2 2 3,minion_nometeor,2 2 2,bomber,2 2 2,gargoyle,1 1 3,locust,2 2 2,elite,1 1 2,,
1586,27,End Last Stand,420,18,5,,goon,1 1 1,brute,3 3 3,spitter,3 3 3,minion_nometeor,2 2 2,bomber,2 2 2,gargoyle,2 2 3,locust,2 2 2,,,mammoth,1 1 2
1587,27,End Last Stand,480,18,3,,goon,1 1 1,brute,3 3 3,spitter,3 3 3,minion_nometeor,2 2 2,bomber,2 2 2,gargoyle,3 3 3,locust,2 2 2,,,mammoth,2 2 2
2000,,,,,,,,,,,,,,,,,,,,,,,,
3000,1,no,0,brute,1 1 1,,,,,,,,,,,,,,,,,,,
400,Min Spawn Interval,1,,,,,,,,,,,,,,,,,,,,,,
401,Safe Spawn Distance,400,,,,,,,,,,,,,,,,,,,,,,
402,Spawn Point Last Used Duration,2,,,,,,,,,,,,,,,,,,,,,,
403,Break Away From Group Distance,750,,,,,,,,,,,,,,,,,,,,,,
404,Player In Zone Score Modifier,0.75,,,,,,,,,,,,,,,,,,,,,,
405,Current Attacker In Zone Score Modifier,0.25,,,,,,,,,,,,,,,,,,,,,,
406,Recently Used Spawn Point Zone Score Modifier,0.1,,,,,,,,,,,,,,,,,,,,,,
407,Max Break Away Zone Score Increase,2.5,,,,,,,,,,,,,,,,,,,,,,
408,Spawn Event Base Activation Time,0,,,,,,,,,,,,,,,,,,,,,,
409,Spawn Event Additional Time Per Alien,0,,,,,,,,,,,,,,,,,,,,,,
410,Spawn Event Max Delay Time,0,,,,,,,,,,,,,,,,,,,,,,
500,1,1,1,1,1,,,,,,,,,,,,,,,,,,,
501,2,1,1,1,1,,,,,,,,,,,,,,,,,,,
502,3,1,1,1,1,,,,,,,,,,,,,,,,,,,
503,4,1,1,1,1.5,,,,,,,,,,,,,,,,,,,
504,5,1,1,1,2,,,,,,,,,,,,,,,,,,,
505,6,1,1,1,1,,,,,,,,,,,,,,,,,,,
506,7,1,1,1,1,,,,,,,,,,,,,,,,,,,
507,8,1,1,1,1,,,,,,,,,,,,,,,,,,,
508,9,1,1,1,1,,,,,,,,,,,,,,,,,,,
509,10,1,1,1,1,,,,,,,,,,,,,,,,,,,
510,11,1,1,1,1,,,,,,,,,,,,,,,,,,,
511,12,1,1,1,1.5,,,,,,,,,,,,,,,,,,,
512,13,1,1,1,1.5,,,,,,,,,,,,,,,,,,,
513,14,1,1,1,1.5,,,,,,,,,,,,,,,,,,,
514,15,1,1,1,1.5,,,,,,,,,,,,,,,,,,,
515,16,1,1,1,1.5,,,,,,,,,,,,,,,,,,,
516,17,1,1,1,1.5,,,,,,,,,,,,,,,,,,,
517,18,1,1,1,2,,,,,,,,,,,,,,,,,,,
518,19,1,1,1,2,,,,,,,,,,,,,,,,,,,
519,20,1,1,1,2,,,,,,,,,,,,,,,,,,,
520,21,1,1,1,2,,,,,,,,,,,,,,,,,,,
521,22,1,1,1,2,,,,,,,,,,,,,,,,,,,
522,23,1,1,1,2,,,,,,,,,,,,,,,,,,,
523,24,1,1,1,1.5,,,,,,,,,,,,,,,,,,,
524,25,1,1,1,1.5,,,,,,,,,,,,,,,,,,,
525,26,1,1,1,1.5,,,,,,,,,,,,,,,,,,,
526,27,1,1,1,2,,,,,,,,,,,,,,,,,,,
600,1,90,10000,,,,,,,,,,,,,,,,,,,,,
601,2,105,10000,,,,,,,,,,,,,,,,,,,,,
602,3,120,10000,,,,,,,,,,,,,,,,,,,,,
603,4,135,10000,,,,,,,,,,,,,,,,,,,,,
604,5,150,10000,,,,,,,,,,,,,,,,,,,,,
605,6,150,10000,,,,,,,,,,,,,,,,,,,,,
606,7,150,10000,,,,,,,,,,,,,,,,,,,,,
607,8,150,10000,,,,,,,,,,,,,,,,,,,,,
608,9,150,10000,,,,,,,,,,,,,,,,,,,,,
609,10,150,10000,,,,,,,,,,,,,,,,,,,,,
610,11,150,10000,,,,,,,,,,,,,,,,,,,,,
611,12,180,10000,,,,,,,,,,,,,,,,,,,,,
612,13,180,10000,,,,,,,,,,,,,,,,,,,,,
613,14,180,10000,,,,,,,,,,,,,,,,,,,,,
614,15,180,10000,,,,,,,,,,,,,,,,,,,,,
615,16,180,10000,,,,,,,,,,,,,,,,,,,,,
616,17,180,10000,,,,,,,,,,,,,,,,,,,,,
617,18,210,10000,,,,,,,,,,,,,,,,,,,,,
618,19,210,10000,,,,,,,,,,,,,,,,,,,,,
619,20,210,10000,,,,,,,,,,,,,,,,,,,,,
620,21,210,10000,,,,,,,,,,,,,,,,,,,,,
621,22,210,10000,,,,,,,,,,,,,,,,,,,,,
622,23,210,10000,,,,,,,,,,,,,,,,,,,,,
623,24,240,10000,,,,,,,,,,,,,,,,,,,,,
624,25,240,10000,,,,,,,,,,,,,,,,,,,,,
625,26,240,10000,,,,,,,,,,,,,,,,,,,,,
626,27,240,10000,,,,,,,,,,,,,,,,,,,,,
700,transition_left,0 900,transition_left_lane_1,,,,,,,,,,,,,,,,,,,,,
701,transition_middle,0 900,transition_middle_lane_1,,,,,,,,,,,,,,,,,,,,,
702,transition_right,0 900,transition_right_lane_1,,,,,,,,,,,,,,,,,,,,,
703,transition_upper_left,0 900,transition_upper_left_lane_1,,,,,,,,,,,,,,,,,,,,,
704,transition_upper_right,0 900,transition_upper_right_lane_1,,,,,,,,,,,,,,,,,,,,,
705,main_base,0 900,main_base_lane_1 main_base_lane_2 main_base_lane_3,,,,,,,,,,,,,,,,,,,,,
706,conduit_gas_station_1,0 900,gas_station_lane_1,,,,,,,,,,,,,,,,,,,,,
707,conduit_gas_station_2,0 900,gas_station_lane_1,,,,,,,,,,,,,,,,,,,,,
708,conduit_parking_1,0 900,parking_lane_1,,,,,,,,,,,,,,,,,,,,,
709,conduit_parking_2,0 900,parking_lane_1,,,,,,,,,,,,,,,,,,,,,
710,conduit_rooftop_1,0 900,rooftop_lane_1,,,,,,,,,,,,,,,,,,,,,
711,conduit_rooftop_2,0 900,rooftop_lane_1,,,,,,,,,,,,,,,,,,,,,
712,ancestor_left,0 900,main_base_lane_1,,,,,,,,,,,,,,,,,,,,,
713,ancestor_middle,0 900,main_base_lane_2,,,,,,,,,,,,,,,,,,,,,
714,ancestor_right,0 900,main_base_lane_3,,,,,,,,,,,,,,,,,,,,,
715,final_battle,0 900,main_base_lane_1 main_base_lane_2 main_base_lane_3,,,,,,,,,,,,,,,,,,,,,
800,,,,,,,,,,,,,,,,,,,,,,,,
900,,,,,,,,,,,,,,,,,,,,,,,,
903,,,,,,,,,,,,,,,,,,,,,,,,
